player_id,player_name,player_slug,team_id,team_name,rating,totalRating,countRating,goals,bigChancesCreated,bigChancesMissed,assists,expectedAssists,goalsAssistsSum,accuratePasses,inaccuratePasses,totalPasses,accuratePassesPercentage,accurateOwnHalfPasses,accurateOppositionHalfPasses,accurateFinalThirdPasses,keyPasses,successfulDribbles,successfulDribblesPercentage,tackles,interceptions,yellowCards,directRedCards,redCards,accurateCrosses,accurateCrossesPercentage,totalShots,shotsOnTarget,shotsOffTarget,groundDuelsWon,groundDuelsWonPercentage,aerialDuelsWon,aerialDuelsWonPercentage,totalDuelsWon,totalDuelsWonPercentage,minutesPlayed,goalConversionPercentage,penaltiesTaken,penaltyGoals,penaltyWon,penaltyConceded,shotFromSetPiece,freeKickGoal,goalsFromInsideTheBox,goalsFromOutsideTheBox,shotsFromInsideTheBox,shotsFromOutsideTheBox,headedGoals,leftFootGoals,rightFootGoals,accurateLongBalls,accurateLongBallsPercentage,clearances,errorLeadToGoal,errorLeadToShot,dispossessed,possessionLost,possessionWonAttThird,totalChippedPasses,accurateChippedPasses,touches,wasFouled,fouls,hitWoodwork,ownGoals,dribbledPast,offsides,blockedShots,passToAssist,saves,kilometersCovered,numberOfSprints,topSpeed,cleanSheet,penaltyFaced,penaltySave,savedShotsFromInsideTheBox,savedShotsFromOutsideTheBox,goalsConcededInsideTheBox,goalsConcededOutsideTheBox,punches,runsOut,successfulRunsOut,highClaims,crossesNotClaimed,matchesStarted,penaltyConversion,setPieceConversion,totalAttemptAssist,totalContest,totalCross,duelLost,aerialLost,attemptPenaltyMiss,attemptPenaltyPost,attemptPenaltyTarget,totalLongBalls,goalsConceded,tacklesWon,tacklesWonPercentage,scoringFrequency,yellowRedCards,savesCaught,savesParried,totalOwnHalfPasses,totalOppositionHalfPasses,totwAppearances,expectedGoals,goalKicks,ballRecovery,outfielderBlocks,appearances
901827,Youcef Belaïli,youcef-belaili,42204,MC Alger,,,,14,,,,,,,,,,,,,,,,,,,,1,,,,,,,,,,,,,,,3,,,,,,,,,,,,,,,,,,,,,,,,,,0,,,,,,,,,,,,,,,,,,,,,,,,,,,,,,,,,,,,,1,,,,,,,,,,
958123,Ismaïl Belkacemi,belkacemi-abdelfetah-ismail,42206,USM Alger,,,,14,,,,,,,,,,,,,,,,,,,,0,,,,,,,,,,,,,,,1,,,,,,,,,,,,,,,,,,,,,,,,,,0,,,,,,,,,,,,,,,,,,,,,,,,,,,,,,,,,,,,,0,,,,,,,,,,
1481959,Yawo Evra Agbagno,yawo-evra-agbagno,42201,ASO Chlef,,,,12,,,,,,,,,,,,,,,,,,,,0,,,,,,,,,,,,,,,0,,,,,,,,,,,,,,,,,,,,,,,,,,0,,,,,,,,,,,,,,,,,,,,,,,,,,,,,,,,,,,,,0,,,,,,,,,,
1655374,Brahim Dib,brahim-dib,55393,CS Constantine,,,,12,,,,,,,,,,,,,,,,,,,,0,,,,,,,,,,,,,,,8,,,,,,,,,,,,,,,,,,,,,,,,,,0,,,,,,,,,,,,,,,,,,,,,,,,,,,,,,,,,,,,,0,,,,,,,,,,
1034712,Zakaria Naidji,zakaria-naidji,42204,MC Alger,,,,11,,,,,,,,,,,,,,,,,,,,0,,,,,,,,,,,,,,,0,,,,,,,,,,,,,,,,,,,,,,,,,,0,,,,,,,,,,,,,,,,,,,,,,,,,,,,,,,,,,,,,0,,,,,,,,,,
945812,Hamza Demane,hamza-demane,133488,NC Magra,,,,11,,,,,,,,,,,,,,,,,,,,1,,,,,,,,,,,,,,,2,,,,,,,,,,,,,,,,,,,,,,,,,,0,,,,,,,,,,,,,,,,,,,,,,,,,,,,,,,,,,,,,0,,,,,,,,,,
1002557,Leonel Wamba,leonel-wamba,42207,CR Belouizdad,,,,10,,,,,,,,,,,,,,,,,,,,0,,,,,,,,,,,,,,,1,,,,,,,,,,,,,,,,,,,,,,,,,,0,,,,,,,,,,,,,,,,,,,,,,,,,,,,,,,,,,,,,0,,,,,,,,,,
977711,Tosin Omoyele,tosin-omoyele,238384,USM Khenchela,,,,9,,,,,,,,,,,,,,,,,,,,0,,,,,,,,,,,,,,,0,,,,,,,,,,,,,,,,,,,,,,,,,,0,,,,,,,,,,,,,,,,,,,,,,,,,,,,,,,,,,,,,0,,,,,,,,,,
1094482,Adil Boulbina,adil-boulbina,212197,Paradou AC,,,,8,,,,,,,,,,,,,,,,,,,,0,,,,,,,,,,,,,,,1,,,,,,,,,,,,,,,,,,,,,,,,,,0,,,,,,,,,,,,,,,,,,,,,,,,,,,,,,,,,,,,,0,,,,,,,,,,
1094538,Yassine Titraoui,yassine-titraoui,212197,Paradou AC,,,,8,,,,,,,,,,,,,,,,,,,,0,,,,,,,,,,,,,,,0,,,,,,,,,,,,,,,,,,,,,,,,,,0,,,,,,,,,,,,,,,,,,,,,,,,,,,,,,,,,,,,,0,,,,,,,,,,
1445183,Soufiane Bayazid,soufiane-bayazid,42204,MC Alger,,,,8,,,,,,,,,,,,,,,,,,,,0,,,,,,,,,,,,,,,1,,,,,,,,,,,,,,,,,,,,,,,,,,0,,,,,,,,,,,,,,,,,,,,,,,,,,,,,,,,,,,,,0,,,,,,,,,,
973066,Aimen Lahmri,aimen-lahmri,41756,ES Sétif,,,,8,,,,,,,,,,,,,,,,,,,,0,,,,,,,,,,,,,,,6,,,,,,,,,,,,,,,,,,,,,,,,,,0,,,,,,,,,,,,,,,,,,,,,,,,,,,,,,,,,,,,,0,,,,,,,,,,
933734,Mohamed Souibaah,mohamed-souibaah,79565,JS Saoura,,,,8,,,,,,,,,,,,,,,,,,,,0,,,,,,,,,,,,,,,2,,,,,,,,,,,,,,,,,,,,,,,,,,0,,,,,,,,,,,,,,,,,,,,,,,,,,,,,,,,,,,,,0,,,,,,,,,,
845605,Abderrahmane Meziane,abderrahmane-meziane,42207,CR Belouizdad,,,,7,,,,,,,,,,,,,,,,,,,,0,,,,,,,,,,,,,,,0,,,,,,,,,,,,,,,,,,,,,,,,,,0,,,,,,,,,,,,,,,,,,,,,,,,,,,,,,,,,,,,,0,,,,,,,,,,
1655375,Ahmed Khaldi,ahmed-khaldi,55393,CS Constantine,,,,7,,,,,,,,,,,,,,,,,,,,0,,,,,,,,,,,,,,,0,,,,,,,,,,,,,,,,,,,,,,,,,,0,,,,,,,,,,,,,,,,,,,,,,,,,,,,,,,,,,,,,0,,,,,,,,,,
1100737,Kheiredine Merzougui,kheiredine-merzougui,42204,MC Alger,,,,7,,,,,,,,,,,,,,,,,,,,0,,,,,,,,,,,,,,,0,,,,,,,,,,,,,,,,,,,,,,,,,,0,,,,,,,,,,,,,,,,,,,,,,,,,,,,,,,,,,,,,0,,,,,,,,,,
1118611,Kouceila Boualia,kouceila-boualia,42202,JS Kabylie,,,,6,,,,,,,,,,,,,,,,,,,,0,,,,,,,,,,,,,,,0,,,,,,,,,,,,,,,,,,,,,,,,,,0,,,,,,,,,,,,,,,,,,,,,,,,,,,,,,,,,,,,,0,,,,,,,,,,
1655417,Redouane Berkane,redouane-berkane,42202,JS Kabylie,,,,6,,,,,,,,,,,,,,,,,,,,0,,,,,,,,,,,,,,,0,,,,,,,,,,,,,,,,,,,,,,,,,,0,,,,,,,,,,,,,,,,,,,,,,,,,,,,,,,,,,,,,0,,,,,,,,,,
1218753,Mounder Temine,mounder-temine,55393,CS Constantine,,,,6,,,,,,,,,,,,,,,,,,,,0,,,,,,,,,,,,,,,0,,,,,,,,,,,,,,,,,,,,,,,,,,0,,,,,,,,,,,,,,,,,,,,,,,,,,,,,,,,,,,,,0,,,,,,,,,,
1183621,Oussama Bellatreche,oussama-bellatreche,79565,JS Saoura,,,,6,,,,,,,,,,,,,,,,,,,,0,,,,,,,,,,,,,,,4,,,,,,,,,,,,,,,,,,,,,,,,,,0,,,,,,,,,,,,,,,,,,,,,,,,,,,,,,,,,,,,,0,,,,,,,,,,
1004225,Abdennour Belhocini,belhocini-abdennour,55393,CS Constantine,,,,5,,,,,,,,,,,,,,,,,,,,1,,,,,,,,,,,,,,,0,,,,,,,,,,,,,,,,,,,,,,,,,,0,,,,,,,,,,,,,,,,,,,,,,,,,,,,,,,,,,,,,0,,,,,,,,,,
1110093,Abdoulaye Kanou,abdoulaye-kanou,42206,USM Alger,,,,5,,,,,,,,,,,,,,,,,,,,0,,,,,,,,,,,,,,,0,,,,,,,,,,,,,,,,,,,,,,,,,,0,,,,,,,,,,,,,,,,,,,,,,,,,,,,,,,,,,,,,0,,,,,,,,,,
1606000,Ben Ahmed Kohili,ben-ahmed-kohili,212197,Paradou AC,,,,5,,,,,,,,,,,,,,,,,,,,0,,,,,,,,,,,,,,,0,,,,,,,,,,,,,,,,,,,,,,,,,,0,,,,,,,,,,,,,,,,,,,,,,,,,,,,,,,,,,,,,0,,,,,,,,,,
945822,Zakaria Benchaa,zakaria-benchaa,55393,CS Constantine,,,,5,,,,,,,,,,,,,,,,,,,,1,,,,,,,,,,,,,,,0,,,,,,,,,,,,,,,,,,,,,,,,,,0,,,,,,,,,,,,,,,,,,,,,,,,,,,,,,,,,,,,,1,,,,,,,,,,
1655402,Ahmed Mammeri,ahmed-mammeri,42202,JS Kabylie,,,,5,,,,,,,,,,,,,,,,,,,,0,,,,,,,,,,,,,,,3,,,,,,,,,,,,,,,,,,,,,,,,,,0,,,,,,,,,,,,,,,,,,,,,,,,,,,,,,,,,,,,,0,,,,,,,,,,
1093866,Maxwell Baakoh,maxwell-baakoh,45001,MC Oran,,,,5,,,,,,,,,,,,,,,,,,,,0,,,,,,,,,,,,,,,2,,,,,,,,,,,,,,,,,,,,,,,,,,0,,,,,,,,,,,,,,,,,,,,,,,,,,,,,,,,,,,,,0,,,,,,,,,,
1018540,Dadi El Hocine Mouaki,dadi-el-hocine-mouaki,42202,JS Kabylie,,,,5,,,,,,,,,,,,,,,,,,,,0,,,,,,,,,,,,,,,2,,,,,,,,,,,,,,,,,,,,,,,,,,0,,,,,,,,,,,,,,,,,,,,,,,,,,,,,,,,,,,,,0,,,,,,,,,,
933887,Ismail Saidi,ismail-saidi,79565,JS Saoura,,,,5,,,,,,,,,,,,,,,,,,,,0,,,,,,,,,,,,,,,0,,,,,,,,,,,,,,,,,,,,,,,,,,0,,,,,,,,,,,,,,,,,,,,,,,,,,,,,,,,,,,,,0,,,,,,,,,,
941597,Abderrahmane Bourdim,abderrahmane-bourdim,42201,ASO Chlef,,,,5,,,,,,,,,,,,,,,,,,,,0,,,,,,,,,,,,,,,2,,,,,,,,,,,,,,,,,,,,,,,,,,0,,,,,,,,,,,,,,,,,,,,,,,,,,,,,,,,,,,,,0,,,,,,,,,,
1486838,Kamel Belmiloud,kamel-belmiloud,133466,MC El Bayadh,,,,5,,,,,,,,,,,,,,,,,,,,0,,,,,,,,,,,,,,,2,,,,,,,,,,,,,,,,,,,,,,,,,,0,,,,,,,,,,,,,,,,,,,,,,,,,,,,,,,,,,,,,0,,,,,,,,,,
1626263,Merouane Boussalem,merouane-boussalem,45001,MC Oran,,,,5,,,,,,,,,,,,,,,,,,,,0,,,,,,,,,,,,,,,2,,,,,,,,,,,,,,,,,,,,,,,,,,0,,,,,,,,,,,,,,,,,,,,,,,,,,,,,,,,,,,,,0,,,,,,,,,,
1655414,Mustapha Zeghnoun,mustapha-zeghnoun,212229,US Biskra,,,,5,,,,,,,,,,,,,,,,,,,,0,,,,,,,,,,,,,,,0,,,,,,,,,,,,,,,,,,,,,,,,,,0,,,,,,,,,,,,,,,,,,,,,,,,,,,,,,,,,,,,,0,,,,,,,,,,
1018589,Youcef Amine Laouafi,youcef-amine-laouafi,42207,CR Belouizdad,,,,4,,,,,,,,,,,,,,,,,,,,0,,,,,,,,,,,,,,,2,,,,,,,,,,,,,,,,,,,,,,,,,,0,,,,,,,,,,,,,,,,,,,,,,,,,,,,,,,,,,,,,0,,,,,,,,,,
1106409,Tarek Aggoun,tarek-aggoun,41756,ES Sétif,,,,4,,,,,,,,,,,,,,,,,,,,0,,,,,,,,,,,,,,,0,,,,,,,,,,,,,,,,,,,,,,,,,,0,,,,,,,,,,,,,,,,,,,,,,,,,,,,,,,,,,,,,0,,,,,,,,,,
1500270,Abderrahmane Bacha,abderrahmane-bacha,42206,USM Alger,,,,4,,,,,,,,,,,,,,,,,,,,0,,,,,,,,,,,,,,,0,,,,,,,,,,,,,,,,,,,,,,,,,,0,,,,,,,,,,,,,,,,,,,,,,,,,,,,,,,,,,,,,0,,,,,,,,,,
931269,Toufik Addadi,toufik-addadi,42201,ASO Chlef,,,,4,,,,,,,,,,,,,,,,,,,,0,,,,,,,,,,,,,,,2,,,,,,,,,,,,,,,,,,,,,,,,,,0,,,,,,,,,,,,,,,,,,,,,,,,,,,,,,,,,,,,,0,,,,,,,,,,
238694,Abderahmane Hachoud,abderahmane-hachoud,133444,ES Ben Aknoun,,,,4,,,,,,,,,,,,,,,,,,,,0,,,,,,,,,,,,,,,2,,,,,,,,,,,,,,,,,,,,,,,,,,0,,,,,,,,,,,,,,,,,,,,,,,,,,,,,,,,,,,,,0,,,,,,,,,,
1655362,Abdelmoundji Bassou,abdelmoundji-bassou,337539,US Souf,,,,4,,,,,,,,,,,,,,,,,,,,0,,,,,,,,,,,,,,,0,,,,,,,,,,,,,,,,,,,,,,,,,,0,,,,,,,,,,,,,,,,,,,,,,,,,,,,,,,,,,,,,0,,,,,,,,,,
1655385,Walid Zamoum,walid-zamoum,41756,ES Sétif,,,,4,,,,,,,,,,,,,,,,,,,,0,,,,,,,,,,,,,,,0,,,,,,,,,,,,,,,,,,,,,,,,,,0,,,,,,,,,,,,,,,,,,,,,,,,,,,,,,,,,,,,,0,,,,,,,,,,
1655398,Karim Sabouni,karim-sabouni,238384,USM Khenchela,,,,4,,,,,,,,,,,,,,,,,,,,0,,,,,,,,,,,,,,,0,,,,,,,,,,,,,,,,,,,,,,,,,,0,,,,,,,,,,,,,,,,,,,,,,,,,,,,,,,,,,,,,0,,,,,,,,,,
1655469,Abdelali Hadji,abdelali-hadji,133444,ES Ben Aknoun,,,,4,,,,,,,,,,,,,,,,,,,,0,,,,,,,,,,,,,,,0,,,,,,,,,,,,,,,,,,,,,,,,,,0,,,,,,,,,,,,,,,,,,,,,,,,,,,,,,,,,,,,,0,,,,,,,,,,
1655360,Mohamed Said Bourahla,mohamed-said-bourahla,133488,NC Magra,,,,4,,,,,,,,,,,,,,,,,,,,0,,,,,,,,,,,,,,,0,,,,,,,,,,,,,,,,,,,,,,,,,,0,,,,,,,,,,,,,,,,,,,,,,,,,,,,,,,,,,,,,0,,,,,,,,,,
1655357,Djilani Hadj Saad,djilani-hadj-saad,337539,US Souf,,,,4,,,,,,,,,,,,,,,,,,,,0,,,,,,,,,,,,,,,0,,,,,,,,,,,,,,,,,,,,,,,,,,0,,,,,,,,,,,,,,,,,,,,,,,,,,,,,,,,,,,,,0,,,,,,,,,,
1021121,Ishak Talal Boussouf,ishak-talal-boussouf,42207,CR Belouizdad,,,,3,,,,,,,,,,,,,,,,,,,,0,,,,,,,,,,,,,,,0,,,,,,,,,,,,,,,,,,,,,,,,,,0,,,,,,,,,,,,,,,,,,,,,,,,,,,,,,,,,,,,,0,,,,,,,,,,
1094526,Mohamed Réda Hamidi,mohamed-reda-hamidi,212197,Paradou AC,,,,3,,,,,,,,,,,,,,,,,,,,1,,,,,,,,,,,,,,,2,,,,,,,,,,,,,,,,,,,,,,,,,,0,,,,,,,,,,,,,,,,,,,,,,,,,,,,,,,,,,,,,0,,,,,,,,,,
930586,Salim Boukhenchouche,salim-boukhenchouche,42206,USM Alger,,,,3,,,,,,,,,,,,,,,,,,,,0,,,,,,,,,,,,,,,0,,,,,,,,,,,,,,,,,,,,,,,,,,0,,,,,,,,,,,,,,,,,,,,,,,,,,,,,,,,,,,,,0,,,,,,,,,,
1471146,Brahim Benzaza,brahim-benzaza,42206,USM Alger,,,,3,,,,,,,,,,,,,,,,,,,,0,,,,,,,,,,,,,,,0,,,,,,,,,,,,,,,,,,,,,,,,,,0,,,,,,,,,,,,,,,,,,,,,,,,,,,,,,,,,,,,,0,,,,,,,,,,
156018,Souleymane Coulibaly,souleymane-coulibaly,41756,ES Sétif,,,,3,,,,,,,,,,,,,,,,,,,,0,,,,,,,,,,,,,,,1,,,,,,,,,,,,,,,,,,,,,,,,,,0,,,,,,,,,,,,,,,,,,,,,,,,,,,,,,,,,,,,,0,,,,,,,,,,
1107606,Ahmed Mohamed Kerroum,ahmed-mohamed-kerroum,45001,MC Oran,,,,3,,,,,,,,,,,,,,,,,,,,0,,,,,,,,,,,,,,,0,,,,,,,,,,,,,,,,,,,,,,,,,,0,,,,,,,,,,,,,,,,,,,,,,,,,,,,,,,,,,,,,0,,,,,,,,,,
975848,Mohamed Benchaira,mohamed-benchaira,55393,CS Constantine,,,,3,,,,,,,,,,,,,,,,,,,,0,,,,,,,,,,,,,,,0,,,,,,,,,,,,,,,,,,,,,,,,,,0,,,,,,,,,,,,,,,,,,,,,,,,,,,,,,,,,,,,,0,,,,,,,,,,
845600,Miloud Rebiai,miloud-rebiai,55393,CS Constantine,,,,3,,,,,,,,,,,,,,,,,,,,0,,,,,,,,,,,,,,,0,,,,,,,,,,,,,,,,,,,,,,,,,,0,,,,,,,,,,,,,,,,,,,,,,,,,,,,,,,,,,,,,0,,,,,,,,,,
1503075,Yacine Aliane,yacine-aliane,42201,ASO Chlef,,,,3,,,,,,,,,,,,,,,,,,,,0,,,,,,,,,,,,,,,0,,,,,,,,,,,,,,,,,,,,,,,,,,0,,,,,,,,,,,,,,,,,,,,,,,,,,,,,,,,,,,,,0,,,,,,,,,,
1013904,Moulay Abdelaziz Abdelkader,moulay-abdelaziz-abdelkader,41756,ES Sétif,,,,3,,,,,,,,,,,,,,,,,,,,0,,,,,,,,,,,,,,,0,,,,,,,,,,,,,,,,,,,,,,,,,,0,,,,,,,,,,,,,,,,,,,,,,,,,,,,,,,,,,,,,0,,,,,,,,,,
1020951,Zoubir Motrani,motrani-zoubir,45001,MC Oran,,,,3,,,,,,,,,,,,,,,,,,,,0,,,,,,,,,,,,,,,0,,,,,,,,,,,,,,,,,,,,,,,,,,0,,,,,,,,,,,,,,,,,,,,,,,,,,,,,,,,,,,,,0,,,,,,,,,,
930583,Mohamed Namani,mohamed-namani,45001,MC Oran,,,,3,,,,,,,,,,,,,,,,,,,,0,,,,,,,,,,,,,,,0,,,,,,,,,,,,,,,,,,,,,,,,,,0,,,,,,,,,,,,,,,,,,,,,,,,,,,,,,,,,,,,,0,,,,,,,,,,
1655387,Ammar Oukil,ammar-oukil,41756,ES Sétif,,,,3,,,,,,,,,,,,,,,,,,,,1,,,,,,,,,,,,,,,0,,,,,,,,,,,,,,,,,,,,,,,,,,0,,,,,,,,,,,,,,,,,,,,,,,,,,,,,,,,,,,,,0,,,,,,,,,,
1655479,Ahmed Ghenam,ahmed-ghenam,133466,MC El Bayadh,,,,3,,,,,,,,,,,,,,,,,,,,0,,,,,,,,,,,,,,,1,,,,,,,,,,,,,,,,,,,,,,,,,,0,,,,,,,,,,,,,,,,,,,,,,,,,,,,,,,,,,,,,0,,,,,,,,,,
1655389,Ramdane Hitala,ramdane-hitala,133466,MC El Bayadh,,,,3,,,,,,,,,,,,,,,,,,,,0,,,,,,,,,,,,,,,0,,,,,,,,,,,,,,,,,,,,,,,,,,0,,,,,,,,,,,,,,,,,,,,,,,,,,,,,,,,,,,,,0,,,,,,,,,,
861041,Merouane Dahar,merouane-dahar,45001,MC Oran,,,,3,,,,,,,,,,,,,,,,,,,,0,,,,,,,,,,,,,,,0,,,,,,,,,,,,,,,,,,,,,,,,,,0,,,,,,,,,,,,,,,,,,,,,,,,,,,,,,,,,,,,,0,,,,,,,,,,
974843,Abdeldjalil Saad,abdeldjalil-saad,79565,JS Saoura,,,,3,,,,,,,,,,,,,,,,,,,,1,,,,,,,,,,,,,,,0,,,,,,,,,,,,,,,,,,,,,,,,,,0,,,,,,,,,,,,,,,,,,,,,,,,,,,,,,,,,,,,,0,,,,,,,,,,
1194648,Bouzid Dadache,bouzid-dadache,133488,NC Magra,,,,3,,,,,,,,,,,,,,,,,,,,0,,,,,,,,,,,,,,,0,,,,,,,,,,,,,,,,,,,,,,,,,,0,,,,,,,,,,,,,,,,,,,,,,,,,,,,,,,,,,,,,0,,,,,,,,,,
1018954,Abdelhak Sameur,abdelhak-sameur,238384,USM Khenchela,,,,3,,,,,,,,,,,,,,,,,,,,0,,,,,,,,,,,,,,,3,,,,,,,,,,,,,,,,,,,,,,,,,,0,,,,,,,,,,,,,,,,,,,,,,,,,,,,,,,,,,,,,0,,,,,,,,,,
1655549,Mohamed El Amine Messadi,mohamed-el-amine-messadi,133466,MC El Bayadh,,,,3,,,,,,,,,,,,,,,,,,,,0,,,,,,,,,,,,,,,0,,,,,,,,,,,,,,,,,,,,,,,,,,0,,,,,,,,,,,,,,,,,,,,,,,,,,,,,,,,,,,,,0,,,,,,,,,,
1655419,Hamza Ounnas,hamza-ounnas,212229,US Biskra,,,,3,,,,,,,,,,,,,,,,,,,,0,,,,,,,,,,,,,,,1,,,,,,,,,,,,,,,,,,,,,,,,,,0,,,,,,,,,,,,,,,,,,,,,,,,,,,,,,,,,,,,,0,,,,,,,,,,
1655421,Mohamed Baâli,mohamed-baali,212229,US Biskra,,,,3,,,,,,,,,,,,,,,,,,,,1,,,,,,,,,,,,,,,0,,,,,,,,,,,,,,,,,,,,,,,,,,0,,,,,,,,,,,,,,,,,,,,,,,,,,,,,,,,,,,,,1,,,,,,,,,,
1183551,Mohamed Zougrana,mohamed-zougrana,42204,MC Alger,,,,2,,,,,,,,,,,,,,,,,,,,0,,,,,,,,,,,,,,,0,,,,,,,,,,,,,,,,,,,,,,,,,,0,,,,,,,,,,,,,,,,,,,,,,,,,,,,,,,,,,,,,0,,,,,,,,,,
1126243,Akram Bouras,akram-bouras,42207,CR Belouizdad,,,,2,,,,,,,,,,,,,,,,,,,,0,,,,,,,,,,,,,,,0,,,,,,,,,,,,,,,,,,,,,,,,,,0,,,,,,,,,,,,,,,,,,,,,,,,,,,,,,,,,,,,,0,,,,,,,,,,
845601,Ayoub Abdellaoui,ayoub-abdellaoui,42204,MC Alger,,,,2,,,,,,,,,,,,,,,,,,,,0,,,,,,,,,,,,,,,0,,,,,,,,,,,,,,,,,,,,,,,,,,0,,,,,,,,,,,,,,,,,,,,,,,,,,,,,,,,,,,,,0,,,,,,,,,,
845608,Oussama Darfalou,oussama-darfalou,42207,CR Belouizdad,,,,2,,,,,,,,,,,,,,,,,,,,0,,,,,,,,,,,,,,,0,,,,,,,,,,,,,,,,,,,,,,,,,,0,,,,,,,,,,,,,,,,,,,,,,,,,,,,,,,,,,,,,0,,,,,,,,,,
1007532,Adem Redjem,adem-redjem,42202,JS Kabylie,,,,2,,,,,,,,,,,,,,,,,,,,0,,,,,,,,,,,,,,,0,,,,,,,,,,,,,,,,,,,,,,,,,,0,,,,,,,,,,,,,,,,,,,,,,,,,,,,,,,,,,,,,0,,,,,,,,,,
1183618,Marwane Khelif,merwane-khelif,79565,JS Saoura,,,,2,,,,,,,,,,,,,,,,,,,,0,,,,,,,,,,,,,,,0,,,,,,,,,,,,,,,,,,,,,,,,,,0,,,,,,,,,,,,,,,,,,,,,,,,,,,,,,,,,,,,,0,,,,,,,,,,
1469729,Islam Merili,islam-merili,42206,USM Alger,,,,2,,,,,,,,,,,,,,,,,,,,0,,,,,,,,,,,,,,,0,,,,,,,,,,,,,,,,,,,,,,,,,,0,,,,,,,,,,,,,,,,,,,,,,,,,,,,,,,,,,,,,0,,,,,,,,,,
1102811,Mouad Haddad,mouad-haddad,42207,CR Belouizdad,,,,2,,,,,,,,,,,,,,,,,,,,0,,,,,,,,,,,,,,,0,,,,,,,,,,,,,,,,,,,,,,,,,,0,,,,,,,,,,,,,,,,,,,,,,,,,,,,,,,,,,,,,0,,,,,,,,,,
783352,Akram Djahnit,akram-djahnit,42206,USM Alger,,,,2,,,,,,,,,,,,,,,,,,,,0,,,,,,,,,,,,,,,0,,,,,,,,,,,,,,,,,,,,,,,,,,0,,,,,,,,,,,,,,,,,,,,,,,,,,,,,,,,,,,,,0,,,,,,,,,,
1655395,Hacene Ogbi Ben Haddouche,hacene-ogbi-ben-haddouche,238384,USM Khenchela,,,,2,,,,,,,,,,,,,,,,,,,,0,,,,,,,,,,,,,,,1,,,,,,,,,,,,,,,,,,,,,,,,,,0,,,,,,,,,,,,,,,,,,,,,,,,,,,,,,,,,,,,,0,,,,,,,,,,
1094523,Mohamed Boukerma,mohamed-boukerma,212197,Paradou AC,,,,2,,,,,,,,,,,,,,,,,,,,0,,,,,,,,,,,,,,,0,,,,,,,,,,,,,,,,,,,,,,,,,,0,,,,,,,,,,,,,,,,,,,,,,,,,,,,,,,,,,,,,0,,,,,,,,,,
1469694,Mohamed Amine Bouziane,mohamed-amine-bouziane,42206,USM Alger,,,,2,,,,,,,,,,,,,,,,,,,,0,,,,,,,,,,,,,,,0,,,,,,,,,,,,,,,,,,,,,,,,,,0,,,,,,,,,,,,,,,,,,,,,,,,,,,,,,,,,,,,,0,,,,,,,,,,
1444595,Juba Aguieb,juba-aguieb,42201,ASO Chlef,,,,2,,,,,,,,,,,,,,,,,,,,0,,,,,,,,,,,,,,,0,,,,,,,,,,,,,,,,,,,,,,,,,,0,,,,,,,,,,,,,,,,,,,,,,,,,,,,,,,,,,,,,0,,,,,,,,,,
975833,Nabil Saâdou,nabil-saadou,238384,USM Khenchela,,,,2,,,,,,,,,,,,,,,,,,,,0,,,,,,,,,,,,,,,0,,,,,,,,,,,,,,,,,,,,,,,,,,0,,,,,,,,,,,,,,,,,,,,,,,,,,,,,,,,,,,,,0,,,,,,,,,,
939557,Chouaib Debbih,chouaib-debbih,238384,USM Khenchela,,,,2,,,,,,,,,,,,,,,,,,,,0,,,,,,,,,,,,,,,0,,,,,,,,,,,,,,,,,,,,,,,,,,0,,,,,,,,,,,,,,,,,,,,,,,,,,,,,,,,,,,,,0,,,,,,,,,,
1218757,Nizar Thamer,nizar-thamer,212229,US Biskra,,,,2,,,,,,,,,,,,,,,,,,,,0,,,,,,,,,,,,,,,0,,,,,,,,,,,,,,,,,,,,,,,,,,0,,,,,,,,,,,,,,,,,,,,,,,,,,,,,,,,,,,,,0,,,,,,,,,,
1655379,Yacine Zeghad,yacine-zeghad,41756,ES Sétif,,,,2,,,,,,,,,,,,,,,,,,,,0,,,,,,,,,,,,,,,0,,,,,,,,,,,,,,,,,,,,,,,,,,0,,,,,,,,,,,,,,,,,,,,,,,,,,,,,,,,,,,,,0,,,,,,,,,,
1541798,Nour Fettouhi,nour-fettouhi,79565,JS Saoura,,,,2,,,,,,,,,,,,,,,,,,,,0,,,,,,,,,,,,,,,0,,,,,,,,,,,,,,,,,,,,,,,,,,0,,,,,,,,,,,,,,,,,,,,,,,,,,,,,,,,,,,,,0,,,,,,,,,,
1019244,Aymene Rahmani,rahmani-aymene,337539,US Souf,,,,2,,,,,,,,,,,,,,,,,,,,0,,,,,,,,,,,,,,,0,,,,,,,,,,,,,,,,,,,,,,,,,,0,,,,,,,,,,,,,,,,,,,,,,,,,,,,,,,,,,,,,0,,,,,,,,,,
1655392,Oussama Safa Kaddour,oussama-safa-kaddour,238384,USM Khenchela,,,,2,,,,,,,,,,,,,,,,,,,,1,,,,,,,,,,,,,,,0,,,,,,,,,,,,,,,,,,,,,,,,,,0,,,,,,,,,,,,,,,,,,,,,,,,,,,,,,,,,,,,,1,,,,,,,,,,
1655376,Yanis Boughanem,yanis-boughanem,133488,NC Magra,,,,2,,,,,,,,,,,,,,,,,,,,0,,,,,,,,,,,,,,,0,,,,,,,,,,,,,,,,,,,,,,,,,,0,,,,,,,,,,,,,,,,,,,,,,,,,,,,,,,,,,,,,0,,,,,,,,,,
1655468,Ahmed Zaouache,ahmed-zaouache,133444,ES Ben Aknoun,,,,2,,,,,,,,,,,,,,,,,,,,0,,,,,,,,,,,,,,,0,,,,,,,,,,,,,,,,,,,,,,,,,,0,,,,,,,,,,,,,,,,,,,,,,,,,,,,,,,,,,,,,0,,,,,,,,,,
1023477,Abdelhafid Benamara,abdelhafid-benamara,45001,MC Oran,,,,2,,,,,,,,,,,,,,,,,,,,0,,,,,,,,,,,,,,,0,,,,,,,,,,,,,,,,,,,,,,,,,,0,,,,,,,,,,,,,,,,,,,,,,,,,,,,,,,,,,,,,0,,,,,,,,,,
880087,Mohamed Hacene Bengrina,mohamed-hacene-bengrina,45001,MC Oran,,,,2,,,,,,,,,,,,,,,,,,,,0,,,,,,,,,,,,,,,0,,,,,,,,,,,,,,,,,,,,,,,,,,0,,,,,,,,,,,,,,,,,,,,,,,,,,,,,,,,,,,,,0,,,,,,,,,,
1655470,Yasser Belaribi,yasser-belaribi,133466,MC El Bayadh,,,,2,,,,,,,,,,,,,,,,,,,,0,,,,,,,,,,,,,,,0,,,,,,,,,,,,,,,,,,,,,,,,,,0,,,,,,,,,,,,,,,,,,,,,,,,,,,,,,,,,,,,,0,,,,,,,,,,
1655481,Redouane Bounoua,redouane-bounoua,42201,ASO Chlef,,,,2,,,,,,,,,,,,,,,,,,,,0,,,,,,,,,,,,,,,0,,,,,,,,,,,,,,,,,,,,,,,,,,0,,,,,,,,,,,,,,,,,,,,,,,,,,,,,,,,,,,,,0,,,,,,,,,,
973042,Fateh Talah,fateh-talah,133444,ES Ben Aknoun,,,,2,,,,,,,,,,,,,,,,,,,,0,,,,,,,,,,,,,,,0,,,,,,,,,,,,,,,,,,,,,,,,,,0,,,,,,,,,,,,,,,,,,,,,,,,,,,,,,,,,,,,,0,,,,,,,,,,
1655364,Zakarya Kemoukh,zakarya-kemoukh,133488,NC Magra,,,,2,,,,,,,,,,,,,,,,,,,,0,,,,,,,,,,,,,,,0,,,,,,,,,,,,,,,,,,,,,,,,,,0,,,,,,,,,,,,,,,,,,,,,,,,,,,,,,,,,,,,,0,,,,,,,,,,
933914,Mourad Benayad,mourad-benayad,45001,MC Oran,,,,2,,,,,,,,,,,,,,,,,,,,0,,,,,,,,,,,,,,,0,,,,,,,,,,,,,,,,,,,,,,,,,,0,,,,,,,,,,,,,,,,,,,,,,,,,,,,,,,,,,,,,0,,,,,,,,,,
1655366,Laïd Saïdi,laid-saidi,133488,NC Magra,,,,2,,,,,,,,,,,,,,,,,,,,0,,,,,,,,,,,,,,,0,,,,,,,,,,,,,,,,,,,,,,,,,,0,,,,,,,,,,,,,,,,,,,,,,,,,,,,,,,,,,,,,0,,,,,,,,,,
1655388,Mohamed Said Benchoucha,mohamed-said-benchoucha,41756,ES Sétif,,,,2,,,,,,,,,,,,,,,,,,,,0,,,,,,,,,,,,,,,0,,,,,,,,,,,,,,,,,,,,,,,,,,0,,,,,,,,,,,,,,,,,,,,,,,,,,,,,,,,,,,,,0,,,,,,,,,,
1655420,Chérif Siam,cherif-siam,212229,US Biskra,,,,2,,,,,,,,,,,,,,,,,,,,0,,,,,,,,,,,,,,,0,,,,,,,,,,,,,,,,,,,,,,,,,,0,,,,,,,,,,,,,,,,,,,,,,,,,,,,,,,,,,,,,0,,,,,,,,,,
1655498,Benali Benamar,benali-benamar,79565,JS Saoura,,,,2,,,,,,,,,,,,,,,,,,,,1,,,,,,,,,,,,,,,0,,,,,,,,,,,,,,,,,,,,,,,,,,0,,,,,,,,,,,,,,,,,,,,,,,,,,,,,,,,,,,,,1,,,,,,,,,,
1655422,Mohamed Khoualed,mohamed-khoualed,212229,US Biskra,,,,2,,,,,,,,,,,,,,,,,,,,0,,,,,,,,,,,,,,,0,,,,,,,,,,,,,,,,,,,,,,,,,,0,,,,,,,,,,,,,,,,,,,,,,,,,,,,,,,,,,,,,0,,,,,,,,,,
1632487,Leonel Ateba,leonel-ateba,42206,USM Alger,,,,1,,,,,,,,,,,,,,,,,,,,0,,,,,,,,,,,,,,,0,,,,,,,,,,,,,,,,,,,,,,,,,,0,,,,,,,,,,,,,,,,,,,,,,,,,,,,,,,,,,,,,0,,,,,,,,,,
941632,Saâdi Redouani,saadi-redouani,42206,USM Alger,,,,1,,,,,,,,,,,,,,,,,,,,0,,,,,,,,,,,,,,,1,,,,,,,,,,,,,,,,,,,,,,,,,,0,,,,,,,,,,,,,,,,,,,,,,,,,,,,,,,,,,,,,0,,,,,,,,,,
1014382,Mohamed Amine Madani,mohamed-amine-madani,55393,CS Constantine,,,,1,,,,,,,,,,,,,,,,,,,,0,,,,,,,,,,,,,,,0,,,,,,,,,,,,,,,,,,,,,,,,,,0,,,,,,,,,,,,,,,,,,,,,,,,,,,,,,,,,,,,,0,,,,,,,,,,
991819,Mohamed Réda Halaïmia,mohamed-reda-halaimia,42204,MC Alger,,,,1,,,,,,,,,,,,,,,,,,,,0,,,,,,,,,,,,,,,0,,,,,,,,,,,,,,,,,,,,,,,,,,0,,,,,,,,,,,,,,,,,,,,,,,,,,,,,,,,,,,,,0,,,,,,,,,,
1464428,Ayoub Ghezala,ayoub-ghezala,42204,MC Alger,,,,1,,,,,,,,,,,,,,,,,,,,0,,,,,,,,,,,,,,,0,,,,,,,,,,,,,,,,,,,,,,,,,,0,,,,,,,,,,,,,,,,,,,,,,,,,,,,,,,,,,,,,0,,,,,,,,,,
1655548,Mohamed El Amine Ramdaoui,mohamed-el-amine-ramdaoui,212197,Paradou AC,,,,1,,,,,,,,,,,,,,,,,,,,0,,,,,,,,,,,,,,,0,,,,,,,,,,,,,,,,,,,,,,,,,,0,,,,,,,,,,,,,,,,,,,,,,,,,,,,,,,,,,,,,0,,,,,,,,,,
1007615,Merouane Zerrouki,merouane-zerrouki,42207,CR Belouizdad,,,,1,,,,,,,,,,,,,,,,,,,,0,,,,,,,,,,,,,,,0,,,,,,,,,,,,,,,,,,,,,,,,,,0,,,,,,,,,,,,,,,,,,,,,,,,,,,,,,,,,,,,,0,,,,,,,,,,
845603,Mohamed Benkhemassa,mohamed-benkhemassa,42204,MC Alger,,,,1,,,,,,,,,,,,,,,,,,,,0,,,,,,,,,,,,,,,0,,,,,,,,,,,,,,,,,,,,,,,,,,0,,,,,,,,,,,,,,,,,,,,,,,,,,,,,,,,,,,,,0,,,,,,,,,,
845607,Abdelraouf Benguit,abdelraouf-benguit,42207,CR Belouizdad,,,,1,,,,,,,,,,,,,,,,,,,,0,,,,,,,,,,,,,,,0,,,,,,,,,,,,,,,,,,,,,,,,,,0,,,,,,,,,,,,,,,,,,,,,,,,,,,,,,,,,,,,,0,,,,,,,,,,
1503653,Edlin Matouti,edlin-randy-essang-matouti,42202,JS Kabylie,,,,1,,,,,,,,,,,,,,,,,,,,0,,,,,,,,,,,,,,,0,,,,,,,,,,,,,,,,,,,,,,,,,,0,,,,,,,,,,,,,,,,,,,,,,,,,,,,,,,,,,,,,0,,,,,,,,,,
1655545,Mehdi Boucherit,mehdi-boucherit,42204,MC Alger,,,,1,,,,,,,,,,,,,,,,,,,,0,,,,,,,,,,,,,,,0,,,,,,,,,,,,,,,,,,,,,,,,,,0,,,,,,,,,,,,,,,,,,,,,,,,,,,,,,,,,,,,,0,,,,,,,,,,
1094525,Mohamed Islam Belkhir,mohamed-islam-belkhir,42207,CR Belouizdad,,,,1,,,,,,,,,,,,,,,,,,,,0,,,,,,,,,,,,,,,0,,,,,,,,,,,,,,,,,,,,,,,,,,0,,,,,,,,,,,,,,,,,,,,,,,,,,,,,,,,,,,,,0,,,,,,,,,,
1000492,Aimen Bouguerra,aimen-bouguerra,55393,CS Constantine,,,,1,,,,,,,,,,,,,,,,,,,,0,,,,,,,,,,,,,,,0,,,,,,,,,,,,,,,,,,,,,,,,,,0,,,,,,,,,,,,,,,,,,,,,,,,,,,,,,,,,,,,,0,,,,,,,,,,
1114479,Fares Nechat Djabri,fares-nechat-djabri,42202,JS Kabylie,,,,1,,,,,,,,,,,,,,,,,,,,0,,,,,,,,,,,,,,,0,,,,,,,,,,,,,,,,,,,,,,,,,,0,,,,,,,,,,,,,,,,,,,,,,,,,,,,,,,,,,,,,0,,,,,,,,,,
788834,Lamin Jallow,jallow-lamin,42207,CR Belouizdad,,,,1,,,,,,,,,,,,,,,,,,,,0,,,,,,,,,,,,,,,1,,,,,,,,,,,,,,,,,,,,,,,,,,0,,,,,,,,,,,,,,,,,,,,,,,,,,,,,,,,,,,,,0,,,,,,,,,,
1177810,Hocine Dehiri,hocine-dehiri,42206,USM Alger,,,,1,,,,,,,,,,,,,,,,,,,,0,,,,,,,,,,,,,,,0,,,,,,,,,,,,,,,,,,,,,,,,,,0,,,,,,,,,,,,,,,,,,,,,,,,,,,,,,,,,,,,,0,,,,,,,,,,
932971,Gape Mohutsiwa,gape-mohutsiwa,42201,ASO Chlef,,,,1,,,,,,,,,,,,,,,,,,,,0,,,,,,,,,,,,,,,0,,,,,,,,,,,,,,,,,,,,,,,,,,0,,,,,,,,,,,,,,,,,,,,,,,,,,,,,,,,,,,,,0,,,,,,,,,,
931349,Youssouf Dao,youssouf-dao,42204,MC Alger,,,,1,,,,,,,,,,,,,,,,,,,,0,,,,,,,,,,,,,,,0,,,,,,,,,,,,,,,,,,,,,,,,,,0,,,,,,,,,,,,,,,,,,,,,,,,,,,,,,,,,,,,,0,,,,,,,,,,
1655384,Salah Abd Etouab Bouchama,salah-abd-etouab-bouchama,41756,ES Sétif,,,,1,,,,,,,,,,,,,,,,,,,,0,,,,,,,,,,,,,,,0,,,,,,,,,,,,,,,,,,,,,,,,,,0,,,,,,,,,,,,,,,,,,,,,,,,,,,,,,,,,,,,,0,,,,,,,,,,
975849,Ahmed Ait Abdesslem,ahmed-ait-abdesslem,212197,Paradou AC,,,,1,,,,,,,,,,,,,,,,,,,,0,,,,,,,,,,,,,,,0,,,,,,,,,,,,,,,,,,,,,,,,,,0,,,,,,,,,,,,,,,,,,,,,,,,,,,,,,,,,,,,,0,,,,,,,,,,
1185427,Hichem Houssam Eddine,hichem-khalfallah,79565,JS Saoura,,,,1,,,,,,,,,,,,,,,,,,,,0,,,,,,,,,,,,,,,0,,,,,,,,,,,,,,,,,,,,,,,,,,0,,,,,,,,,,,,,,,,,,,,,,,,,,,,,,,,,,,,,0,,,,,,,,,,
1218738,Mohamed Ait El Hadj,mohamed-ait-el-hadj,42206,USM Alger,,,,1,,,,,,,,,,,,,,,,,,,,0,,,,,,,,,,,,,,,0,,,,,,,,,,,,,,,,,,,,,,,,,,0,,,,,,,,,,,,,,,,,,,,,,,,,,,,,,,,,,,,,0,,,,,,,,,,
973057,Ibrahim Farhi Benhalima,ibrahim-farhi-benhalima,42201,ASO Chlef,,,,1,,,,,,,,,,,,,,,,,,,,0,,,,,,,,,,,,,,,0,,,,,,,,,,,,,,,,,,,,,,,,,,0,,,,,,,,,,,,,,,,,,,,,,,,,,,,,,,,,,,,,0,,,,,,,,,,
1177809,Djaber Kaassis,djaber-kaassis,212197,Paradou AC,,,,1,,,,,,,,,,,,,,,,,,,,0,,,,,,,,,,,,,,,0,,,,,,,,,,,,,,,,,,,,,,,,,,0,,,,,,,,,,,,,,,,,,,,,,,,,,,,,,,,,,,,,0,,,,,,,,,,
975839,Badreddine Souyad,badreddine-souyad,42202,JS Kabylie,,,,1,,,,,,,,,,,,,,,,,,,,1,,,,,,,,,,,,,,,0,,,,,,,,,,,,,,,,,,,,,,,,,,0,,,,,,,,,,,,,,,,,,,,,,,,,,,,,,,,,,,,,0,,,,,,,,,,
591772,Rachid Aït-Atmane,rachid-ait-atmane,42202,JS Kabylie,,,,1,,,,,,,,,,,,,,,,,,,,0,,,,,,,,,,,,,,,0,,,,,,,,,,,,,,,,,,,,,,,,,,0,,,,,,,,,,,,,,,,,,,,,,,,,,,,,,,,,,,,,0,,,,,,,,,,
1050316,Redouane Zerdoum,redouane-zerdoum,42201,ASO Chlef,,,,1,,,,,,,,,,,,,,,,,,,,0,,,,,,,,,,,,,,,0,,,,,,,,,,,,,,,,,,,,,,,,,,0,,,,,,,,,,,,,,,,,,,,,,,,,,,,,,,,,,,,,0,,,,,,,,,,
1183622,Riyane Akacem,riyane-akacem,79565,JS Saoura,,,,1,,,,,,,,,,,,,,,,,,,,0,,,,,,,,,,,,,,,0,,,,,,,,,,,,,,,,,,,,,,,,,,0,,,,,,,,,,,,,,,,,,,,,,,,,,,,,,,,,,,,,0,,,,,,,,,,
1110070,Sekou Konate,sekou-konate,42206,USM Alger,,,,1,,,,,,,,,,,,,,,,,,,,0,,,,,,,,,,,,,,,0,,,,,,,,,,,,,,,,,,,,,,,,,,0,,,,,,,,,,,,,,,,,,,,,,,,,,,,,,,,,,,,,0,,,,,,,,,,
1655461,Chakib Aoudjane,chakib-aoudjane,133444,ES Ben Aknoun,,,,1,,,,,,,,,,,,,,,,,,,,1,,,,,,,,,,,,,,,0,,,,,,,,,,,,,,,,,,,,,,,,,,0,,,,,,,,,,,,,,,,,,,,,,,,,,,,,,,,,,,,,1,,,,,,,,,,
1126242,Adel Belkacem Bouzida,adel-belkacem-bouzida,212197,Paradou AC,,,,1,,,,,,,,,,,,,,,,,,,,0,,,,,,,,,,,,,,,0,,,,,,,,,,,,,,,,,,,,,,,,,,0,,,,,,,,,,,,,,,,,,,,,,,,,,,,,,,,,,,,,0,,,,,,,,,,
1198263,Mohammed Fodil Belkhadem,mohammed-fodil-belkhadem,337539,US Souf,,,,1,,,,,,,,,,,,,,,,,,,,0,,,,,,,,,,,,,,,0,,,,,,,,,,,,,,,,,,,,,,,,,,0,,,,,,,,,,,,,,,,,,,,,,,,,,,,,,,,,,,,,0,,,,,,,,,,
1655499,Rabah Haddadou,rabah-haddadou,79565,JS Saoura,,,,1,,,,,,,,,,,,,,,,,,,,0,,,,,,,,,,,,,,,0,,,,,,,,,,,,,,,,,,,,,,,,,,0,,,,,,,,,,,,,,,,,,,,,,,,,,,,,,,,,,,,,0,,,,,,,,,,
1023491,Abdelmoumen Chikhi,abdelmoumen-chikhi,41756,ES Sétif,,,,1,,,,,,,,,,,,,,,,,,,,0,,,,,,,,,,,,,,,0,,,,,,,,,,,,,,,,,,,,,,,,,,0,,,,,,,,,,,,,,,,,,,,,,,,,,,,,,,,,,,,,0,,,,,,,,,,
972817,Nasreddine Zaalani,nasreddine-zaalani,55393,CS Constantine,,,,1,,,,,,,,,,,,,,,,,,,,0,,,,,,,,,,,,,,,0,,,,,,,,,,,,,,,,,,,,,,,,,,0,,,,,,,,,,,,,,,,,,,,,,,,,,,,,,,,,,,,,0,,,,,,,,,,
1655380,Ahmed Guettaf,ahmed-guettaf,41756,ES Sétif,,,,1,,,,,,,,,,,,,,,,,,,,0,,,,,,,,,,,,,,,0,,,,,,,,,,,,,,,,,,,,,,,,,,0,,,,,,,,,,,,,,,,,,,,,,,,,,,,,,,,,,,,,0,,,,,,,,,,
975846,Taher Benkhelifa,taher-benkhelifa,41756,ES Sétif,,,,1,,,,,,,,,,,,,,,,,,,,0,,,,,,,,,,,,,,,0,,,,,,,,,,,,,,,,,,,,,,,,,,0,,,,,,,,,,,,,,,,,,,,,,,,,,,,,,,,,,,,,0,,,,,,,,,,
948340,Abderrahime Hamra,hamra-abderrahime,42201,ASO Chlef,,,,1,,,,,,,,,,,,,,,,,,,,0,,,,,,,,,,,,,,,0,,,,,,,,,,,,,,,,,,,,,,,,,,0,,,,,,,,,,,,,,,,,,,,,,,,,,,,,,,,,,,,,0,,,,,,,,,,
1177835,Taha Yassine Tahar,taha-yassine-tahar,212197,Paradou AC,,,,1,,,,,,,,,,,,,,,,,,,,0,,,,,,,,,,,,,,,0,,,,,,,,,,,,,,,,,,,,,,,,,,0,,,,,,,,,,,,,,,,,,,,,,,,,,,,,,,,,,,,,0,,,,,,,,,,
1469662,Christ Toulouenga,christ-toulouenga,212197,Paradou AC,,,,1,,,,,,,,,,,,,,,,,,,,0,,,,,,,,,,,,,,,0,,,,,,,,,,,,,,,,,,,,,,,,,,0,,,,,,,,,,,,,,,,,,,,,,,,,,,,,,,,,,,,,0,,,,,,,,,,
942215,Amir Nouri,amir-nouri,41756,ES Sétif,,,,1,,,,,,,,,,,,,,,,,,,,0,,,,,,,,,,,,,,,0,,,,,,,,,,,,,,,,,,,,,,,,,,0,,,,,,,,,,,,,,,,,,,,,,,,,,,,,,,,,,,,,0,,,,,,,,,,
1094536,Riad Wael Rahmoun,riad-wael-rahmoun,337539,US Souf,,,,1,,,,,,,,,,,,,,,,,,,,0,,,,,,,,,,,,,,,0,,,,,,,,,,,,,,,,,,,,,,,,,,0,,,,,,,,,,,,,,,,,,,,,,,,,,,,,,,,,,,,,0,,,,,,,,,,
1113030,Amir Laidouni,amir-laidouni,133488,NC Magra,,,,1,,,,,,,,,,,,,,,,,,,,0,,,,,,,,,,,,,,,0,,,,,,,,,,,,,,,,,,,,,,,,,,0,,,,,,,,,,,,,,,,,,,,,,,,,,,,,,,,,,,,,0,,,,,,,,,,
934072,Ilyes Yaiche,ilyes-yaiche,238384,USM Khenchela,,,,1,,,,,,,,,,,,,,,,,,,,0,,,,,,,,,,,,,,,0,,,,,,,,,,,,,,,,,,,,,,,,,,0,,,,,,,,,,,,,,,,,,,,,,,,,,,,,,,,,,,,,0,,,,,,,,,,
911298,Chemseddine Nessakh,chemseddine-nessakh,42201,ASO Chlef,,,,1,,,,,,,,,,,,,,,,,,,,0,,,,,,,,,,,,,,,0,,,,,,,,,,,,,,,,,,,,,,,,,,0,,,,,,,,,,,,,,,,,,,,,,,,,,,,,,,,,,,,,0,,,,,,,,,,
1655466,Rayane Karim Ait Mouloud,rayane-karim-ait-mouloud,133444,ES Ben Aknoun,,,,1,,,,,,,,,,,,,,,,,,,,0,,,,,,,,,,,,,,,0,,,,,,,,,,,,,,,,,,,,,,,,,,0,,,,,,,,,,,,,,,,,,,,,,,,,,,,,,,,,,,,,0,,,,,,,,,,
948347,Walid Ardji,walid-ardji,45001,MC Oran,,,,1,,,,,,,,,,,,,,,,,,,,0,,,,,,,,,,,,,,,0,,,,,,,,,,,,,,,,,,,,,,,,,,0,,,,,,,,,,,,,,,,,,,,,,,,,,,,,,,,,,,,,0,,,,,,,,,,
1655386,Youcef Taki Eddine Aouissi,youcef-taki-eddine-aouissi,41756,ES Sétif,,,,1,,,,,,,,,,,,,,,,,,,,0,,,,,,,,,,,,,,,0,,,,,,,,,,,,,,,,,,,,,,,,,,0,,,,,,,,,,,,,,,,,,,,,,,,,,,,,,,,,,,,,0,,,,,,,,,,
783354,Sid Ali Lamri,sid-ali-lamri,238384,USM Khenchela,,,,1,,,,,,,,,,,,,,,,,,,,0,,,,,,,,,,,,,,,0,,,,,,,,,,,,,,,,,,,,,,,,,,0,,,,,,,,,,,,,,,,,,,,,,,,,,,,,,,,,,,,,0,,,,,,,,,,
1121256,Yacine Medane,yacine-medane,212229,US Biskra,,,,1,,,,,,,,,,,,,,,,,,,,0,,,,,,,,,,,,,,,0,,,,,,,,,,,,,,,,,,,,,,,,,,0,,,,,,,,,,,,,,,,,,,,,,,,,,,,,,,,,,,,,0,,,,,,,,,,
973049,Mohamed El Amine Hammia,mohamed-el-amine-hammia,79565,JS Saoura,,,,1,,,,,,,,,,,,,,,,,,,,0,,,,,,,,,,,,,,,0,,,,,,,,,,,,,,,,,,,,,,,,,,0,,,,,,,,,,,,,,,,,,,,,,,,,,,,,,,,,,,,,0,,,,,,,,,,
1014044,Mohamed Merouani,mohamed-merouani,133488,NC Magra,,,,1,,,,,,,,,,,,,,,,,,,,0,,,,,,,,,,,,,,,0,,,,,,,,,,,,,,,,,,,,,,,,,,0,,,,,,,,,,,,,,,,,,,,,,,,,,,,,,,,,,,,,0,,,,,,,,,,
1469428,Mohamed Guemroud,mohamed-guemroud,238384,USM Khenchela,,,,1,,,,,,,,,,,,,,,,,,,,0,,,,,,,,,,,,,,,0,,,,,,,,,,,,,,,,,,,,,,,,,,0,,,,,,,,,,,,,,,,,,,,,,,,,,,,,,,,,,,,,0,,,,,,,,,,
1111813,Mohammed Al Ghoneimy,mohammed-al-ghoneimy,337539,US Souf,,,,1,,,,,,,,,,,,,,,,,,,,0,,,,,,,,,,,,,,,1,,,,,,,,,,,,,,,,,,,,,,,,,,0,,,,,,,,,,,,,,,,,,,,,,,,,,,,,,,,,,,,,0,,,,,,,,,,
973054,Mohamed El Amine Barka,mohamed-el-amine-barka,133466,MC El Bayadh,,,,1,,,,,,,,,,,,,,,,,,,,1,,,,,,,,,,,,,,,0,,,,,,,,,,,,,,,,,,,,,,,,,,0,,,,,,,,,,,,,,,,,,,,,,,,,,,,,,,,,,,,,0,,,,,,,,,,
1020946,Abdelhak Abdelhafid,abdelhafid-abdelhak,79565,JS Saoura,,,,1,,,,,,,,,,,,,,,,,,,,0,,,,,,,,,,,,,,,0,,,,,,,,,,,,,,,,,,,,,,,,,,0,,,,,,,,,,,,,,,,,,,,,,,,,,,,,,,,,,,,,0,,,,,,,,,,
1018950,Billal Boukaroum,billal-boukaroum,212229,US Biskra,,,,1,,,,,,,,,,,,,,,,,,,,0,,,,,,,,,,,,,,,0,,,,,,,,,,,,,,,,,,,,,,,,,,0,,,,,,,,,,,,,,,,,,,,,,,,,,,,,,,,,,,,,0,,,,,,,,,,
1655390,Hamza Rebiai,hamza-rebiai,238384,USM Khenchela,,,,1,,,,,,,,,,,,,,,,,,,,0,,,,,,,,,,,,,,,0,,,,,,,,,,,,,,,,,,,,,,,,,,0,,,,,,,,,,,,,,,,,,,,,,,,,,,,,,,,,,,,,0,,,,,,,,,,
1022667,Hatem Dakhia,hatem-dakhia,212229,US Biskra,,,,1,,,,,,,,,,,,,,,,,,,,0,,,,,,,,,,,,,,,0,,,,,,,,,,,,,,,,,,,,,,,,,,0,,,,,,,,,,,,,,,,,,,,,,,,,,,,,,,,,,,,,0,,,,,,,,,,
1655351,Hichem Lalaouna,hichem-lalaouna,337539,US Souf,,,,1,,,,,,,,,,,,,,,,,,,,0,,,,,,,,,,,,,,,0,,,,,,,,,,,,,,,,,,,,,,,,,,0,,,,,,,,,,,,,,,,,,,,,,,,,,,,,,,,,,,,,0,,,,,,,,,,
1655377,Mohamed Amine Benmessabih,mohamed-amine-benmessabih,55393,CS Constantine,,,,1,,,,,,,,,,,,,,,,,,,,0,,,,,,,,,,,,,,,0,,,,,,,,,,,,,,,,,,,,,,,,,,0,,,,,,,,,,,,,,,,,,,,,,,,,,,,,,,,,,,,,0,,,,,,,,,,
1655456,Abdessamad Bounaama,abdessamad-bounaama,133466,MC El Bayadh,,,,1,,,,,,,,,,,,,,,,,,,,0,,,,,,,,,,,,,,,0,,,,,,,,,,,,,,,,,,,,,,,,,,0,,,,,,,,,,,,,,,,,,,,,,,,,,,,,,,,,,,,,0,,,,,,,,,,
1655478,Youcef Serraoui,youcef-serraoui,133466,MC El Bayadh,,,,1,,,,,,,,,,,,,,,,,,,,0,,,,,,,,,,,,,,,1,,,,,,,,,,,,,,,,,,,,,,,,,,0,,,,,,,,,,,,,,,,,,,,,,,,,,,,,,,,,,,,,0,,,,,,,,,,
973715,Adel Bouchiba,adel-bouchiba,79565,JS Saoura,,,,1,,,,,,,,,,,,,,,,,,,,0,,,,,,,,,,,,,,,0,,,,,,,,,,,,,,,,,,,,,,,,,,0,,,,,,,,,,,,,,,,,,,,,,,,,,,,,,,,,,,,,0,,,,,,,,,,
1655399,Tarek Adouane,tarek-adouane,212229,US Biskra,,,,1,,,,,,,,,,,,,,,,,,,,0,,,,,,,,,,,,,,,1,,,,,,,,,,,,,,,,,,,,,,,,,,0,,,,,,,,,,,,,,,,,,,,,,,,,,,,,,,,,,,,,0,,,,,,,,,,
933897,Djamel Ibouzidène,djamel-ibouzidene,45001,MC Oran,,,,1,,,,,,,,,,,,,,,,,,,,0,,,,,,,,,,,,,,,0,,,,,,,,,,,,,,,,,,,,,,,,,,0,,,,,,,,,,,,,,,,,,,,,,,,,,,,,,,,,,,,,0,,,,,,,,,,
1018488,Mohamed Amrane,mohamed-amrane,79565,JS Saoura,,,,1,,,,,,,,,,,,,,,,,,,,0,,,,,,,,,,,,,,,0,,,,,,,,,,,,,,,,,,,,,,,,,,0,,,,,,,,,,,,,,,,,,,,,,,,,,,,,,,,,,,,,0,,,,,,,,,,
1177578,Youcef Belamine,youcef-belamine,337539,US Souf,,,,1,,,,,,,,,,,,,,,,,,,,0,,,,,,,,,,,,,,,0,,,,,,,,,,,,,,,,,,,,,,,,,,0,,,,,,,,,,,,,,,,,,,,,,,,,,,,,,,,,,,,,0,,,,,,,,,,
1655453,Yacine Deghmani,yacine-deghmani,133444,ES Ben Aknoun,,,,1,,,,,,,,,,,,,,,,,,,,0,,,,,,,,,,,,,,,0,,,,,,,,,,,,,,,,,,,,,,,,,,0,,,,,,,,,,,,,,,,,,,,,,,,,,,,,,,,,,,,,0,,,,,,,,,,
1655350,Youssef Islam Siab,youssef-islam-siab,337539,US Souf,,,,1,,,,,,,,,,,,,,,,,,,,0,,,,,,,,,,,,,,,1,,,,,,,,,,,,,,,,,,,,,,,,,,0,,,,,,,,,,,,,,,,,,,,,,,,,,,,,,,,,,,,,0,,,,,,,,,,
1655458,Mohamed Azzedine Berriah,mohamed-azzedine-berriah,133466,MC El Bayadh,,,,1,,,,,,,,,,,,,,,,,,,,0,,,,,,,,,,,,,,,0,,,,,,,,,,,,,,,,,,,,,,,,,,0,,,,,,,,,,,,,,,,,,,,,,,,,,,,,,,,,,,,,0,,,,,,,,,,
1000454,Zakaria Bouhalfaya,zakaria-bouhalfaya,55393,CS Constantine,,,,0,,,,,,,,,,,,,,,,,,,,1,,,,,,,,,,,,,,,0,,,,,,,,,,,,,,,,,,,,,,,,,,0,,,,,,,,,,,,,,,,,,,,,,,,,,,,,,,,,,,,,0,,,,,,,,,,
1479322,Abdessamed Bounacer,abdessamed-bounacer,42206,USM Alger,,,,0,,,,,,,,,,,,,,,,,,,,2,,,,,,,,,,,,,,,0,,,,,,,,,,,,,,,,,,,,,,,,,,0,,,,,,,,,,,,,,,,,,,,,,,,,,,,,,,,,,,,,1,,,,,,,,,,
1018484,Houari Baouche,houari-baouche,55393,CS Constantine,,,,0,,,,,,,,,,,,,,,,,,,,1,,,,,,,,,,,,,,,0,,,,,,,,,,,,,,,,,,,,,,,,,,0,,,,,,,,,,,,,,,,,,,,,,,,,,,,,,,,,,,,,0,,,,,,,,,,
1007567,Hamza Mouali,hamza-mouali,42204,MC Alger,,,,0,,,,,,,,,,,,,,,,,,,,1,,,,,,,,,,,,,,,0,,,,,,,,,,,,,,,,,,,,,,,,,,0,,,,,,,,,,,,,,,,,,,,,,,,,,,,,,,,,,,,,1,,,,,,,,,,
784637,Sofiane Bouchar,sofiane-bouchar,42207,CR Belouizdad,,,,0,,,,,,,,,,,,,,,,,,,,1,,,,,,,,,,,,,,,0,,,,,,,,,,,,,,,,,,,,,,,,,,0,,,,,,,,,,,,,,,,,,,,,,,,,,,,,,,,,,,,,0,,,,,,,,,,
333249,Nacereddine Khoualed,nacereddine-khoualed,212229,US Biskra,,,,0,,,,,,,,,,,,,,,,,,,,1,,,,,,,,,,,,,,,0,,,,,,,,,,,,,,,,,,,,,,,,,,0,,,,,,,,,,,,,,,,,,,,,,,,,,,,,,,,,,,,,1,,,,,,,,,,
1094478,Abdelhak Belmaaziz,abdelhak-belmaaziz,212197,Paradou AC,,,,0,,,,,,,,,,,,,,,,,,,,1,,,,,,,,,,,,,,,0,,,,,,,,,,,,,,,,,,,,,,,,,,0,,,,,,,,,,,,,,,,,,,,,,,,,,,,,,,,,,,,,0,,,,,,,,,,
1016958,Karm Benkouider,karm-benkouider,133488,NC Magra,,,,0,,,,,,,,,,,,,,,,,,,,1,,,,,,,,,,,,,,,0,,,,,,,,,,,,,,,,,,,,,,,,,,0,,,,,,,,,,,,,,,,,,,,,,,,,,,,,,,,,,,,,0,,,,,,,,,,
1018819,Imad Benchlef,imad-benchlef,41756,ES Sétif,,,,0,,,,,,,,,,,,,,,,,,,,1,,,,,,,,,,,,,,,0,,,,,,,,,,,,,,,,,,,,,,,,,,0,,,,,,,,,,,,,,,,,,,,,,,,,,,,,,,,,,,,,0,,,,,,,,,,
1655547,Ismail Ghanmi,ismail-ghanmi,133488,NC Magra,,,,0,,,,,,,,,,,,,,,,,,,,1,,,,,,,,,,,,,,,0,,,,,,,,,,,,,,,,,,,,,,,,,,0,,,,,,,,,,,,,,,,,,,,,,,,,,,,,,,,,,,,,0,,,,,,,,,,
1655495,Walid Ouabdi,walid-ouabdi,79565,JS Saoura,,,,0,,,,,,,,,,,,,,,,,,,,1,,,,,,,,,,,,,,,0,,,,,,,,,,,,,,,,,,,,,,,,,,0,,,,,,,,,,,,,,,,,,,,,,,,,,,,,,,,,,,,,0,,,,,,,,,,
1018952,Adel Lakhdari,adel-lakhdari,212229,US Biskra,,,,0,,,,,,,,,,,,,,,,,,,,1,,,,,,,,,,,,,,,0,,,,,,,,,,,,,,,,,,,,,,,,,,0,,,,,,,,,,,,,,,,,,,,,,,,,,,,,,,,,,,,,0,,,,,,,,,,
935574,Aymen Attou,aymen-attou,133488,NC Magra,,,,0,,,,,,,,,,,,,,,,,,,,1,,,,,,,,,,,,,,,0,,,,,,,,,,,,,,,,,,,,,,,,,,0,,,,,,,,,,,,,,,,,,,,,,,,,,,,,,,,,,,,,1,,,,,,,,,,
